query_id,query,category,group,system,latency_ms,cache_hit,tier_used,estimated_cost,answer
1,What is the capital of France?,duplicate,D1,baseline,2256.8,False,baseline,0.000192,The capital of France is Paris.
2,What is the capital of France?,duplicate,D1,baseline,2199.05,False,baseline,0.000192,The capital of France is Paris.
3,What is the boiling point of water in Celsius?,duplicate,D2,baseline,2788.08,False,baseline,0.000424,"The boiling point of water at standard atmospheric pressure, which is 1 atmosphere, is 100 degrees Celsius."
4,What is the boiling point of water in Celsius?,duplicate,D2,baseline,2752.65,False,baseline,0.000424,The boiling point of water in Celsius is 100 degrees Celsius at standard atmospheric pressure (1 atm).
5,What is the capital of Italy?,simple,S1,baseline,2348.07,False,baseline,0.000192,The capital of Italy is Rome.
6,What is the capital of Japan?,paraphrase,P1,baseline,3558.16,False,baseline,0.000848,"The capital of Japan is Tokyo. Tokyo is not only the political capital but also the cultural, economic, and symbolic center of the country. It is one of the most populous metropolises in the world, known for its modernity as well as its historic sites like the Imperial Palace. Tokyo is a city that seamlessly blends traditional Japanese culture with cutting-digital technology, making it a unique and fascinating destination."
7,Explain why the sky appears blue during the day.,complex,C1,baseline,4836.62,False,baseline,0.00156,"The sky appears blue during the day due to a phenomenon known as Rayleigh scattering. This process occurs when molecules and small particles in the Earth's atmosphere scatter sunlight in all directions. Since blue light scatters more than other colors because it travels as shorter, smaller waves, it'thy scattered across the sky. Moreover, when the sun is high in the sky, its light has to pass through less atmosphere, which means that blue light is less scattered and thus the sky appears brighter and bluer. However, when the sun is lower on the horizon during sunrise and sunset, the light has to travel through a greater thickness of the atmosphere, which scatters the shorter blue light away from the line of sight, allowing more of the longer red and orange wavelengths to reach our eyes."
8,Define photosynthesis.,duplicate,D3,baseline,4589.47,False,baseline,0.001392,"Photosynthesis is the biological process byran which plants, algae, and some bacteria use to convert light energy, usually from the sun, into chemical energy in the form of glucose. This process occurs in the chloroplasts of plant cells, where the pigment chlorophyll absorbs light energy. During photosynthesis, carbon dioxide and water are transformed into glucose and oxygen through a series of complex chemical reactions. The glucose provides energy for growth and development, while the oxygen is released as a byproduct into the atmosphere. This process is fundamental to life on Earth as it is the primary source of organic compounds and oxygen, which are essential for most living organisms."
9,What is the tallest mountain in the world?,unique,U1,baseline,5529.98,False,baseline,0.001952,"The tallest mountain in the world is Mount Everest. It is part of the Himalayas and reaches an elevation of 8,848.86 meters (29,031.7 feet) above sea level, according to the survey by China and Nepal in 2020. Mount Everest has long been regarded as the highest mountain on Earth, drawing climbers from all over the world eager to summit its peak. The mountain is situated on the border between Nepal and the Tibet Autonomous Region of China and is known as Mount Everest in Nepali (Sagarmatha) and Mount Qomolangma in Tibetan. Climbing the mountain presents a significant challenge due to the harsh conditions, including extreme low temperatures, strong winds, and the risk of avalanches and altitude sickness. The first successful ascent was made by Sir Edmund Hillary from New Zealand and Tenzing Norgay Sherpa from Nepal on June 29, 1953."
10,How many continents are there on Earth?,paraphrase,P2,baseline,2830.37,False,baseline,0.000392,"There are 7 continents on Earth. These are Asia, Africa, North America, South America, Antarctica, Europe, and Australia."
11,What is 9 plus 16?,simple,S2,baseline,2541.78,False,baseline,0.00026399999999999997,The sum of 9 and 16 is 25.
12,What is 15 times 12?,duplicate,D4,baseline,4191.56,False,baseline,0.001192,"To calculate 15 times 12, you multiply 15 by 12. This can be done as follows:

15
x 12
---
  30 (this is 15 times 2, with a zero because we are multiplying by the ones place)
+150 (this is 15 times 10, which we add to the previous result)
-----
180 (this is the sum of the previous two results)

Therefore, 15 times 1eneral times 12 equals 180."
13,Compare and contrast renewable and non-renewable energy sources.,complex,C2,baseline,9464.77,False,baseline,0.004088,"Renewable energy sources and non-renewable energy sources differ significantly in their origin, availability, environmental impact, and cost.

Origin:
- Renewable energy sources are naturally replenished and are derived from natural processes such as sunlight, wind, and water flow. These sources include solar power, wind power, hydroelectric power, and geothermal energy.
- Non-renewable energy sources are finite and derived from resources that take millions of years to form, such as coal, oil, and natural gas.

Availability:
- The availability of renewable energy sources is not limited, as they rely on natural processes that are constantly replenished. However, their availability can be affected by environmental factors such as weather and geographical location.
- Non-renewable energy sources, on theth other hand, are limited in quantity and deplete with use, making their availability finite and subject to extraction limitations.

Environmental Impact:
- Renewable energy sources have a significantly lower environmental impact compared to non-renewable energy sources. They produce little to no greenhouse gas emissions or other pollutants, reducing the overall environmental footprint.
- Non-renewable energy sources have a significant negative environmental impact, as they contribute to air, water, and soil pollution, as well as greenhouse gas emissions, which contribute to global warming and climate change.

Cost:
- The initial cost of renewable energy systems may be higher than non-renewable energy sources. However, the long-term costs are often lower, as renewable energy sources require little to no fuel and have lower maintenance costs. Additionally, the cost of renewable energy technologies has been steadily decreasing over the years due to advancements and increased demand.
- Non-renewable energy sources generally have lower initial costs, but they can become expensive due to fuel costs and environmental cleanup efforts.

In conclusion, renewable energy sources offer a cleaner, more sustainable and environmentally friendly alternative to non-renewable energy sources, with long-term cost benefits. Although renewable energy technologies may have higher initial costs, they are worth the investment for the long-term benefits they provide."
14,Can you tell me Japan's capital city?,paraphrase,P1,baseline,4179.41,False,baseline,0.001152,"The capital city of Japan is Tokyo. Tokyo became the capital of Japan in 1868, when Emperor Meiji moved from the city of Kyoto. Tokyo is not only the political capital but also the economic and cultural heart of Japan. It's a bustling metropolis known for its modernity and traditional culture, with districts like Shinjuku and Shibuya showcasing a blend of old and new. The city is also home to numerous historical temples, gardens, and palaces, reflecting its deep historical roots, alongside cutting-edge technology and fashion districts."
15,How does a refrigerator keep food cold?,unique,U2,baseline,12365.18,False,baseline,0.0054399999999999995,"A refrigerator keeps food cold through the principles of thermodynamics, specifically by removing heat from the interior of the refrigerator and releasing it into the surrounding environment. Here's a step-by-step explanation of the process:

1. Refrigerant: A refrigerator contains a refrigerant, a substance that can absorb and release heat. In most modern refrigerators, the refrigerant used is a compound called Freon, which can change from a liquid to a gas and back again without requiring external energy.

2. Compressor: The compressor is the heart of the refrigeration cycle. It is a motor that compresses the refrigerant, causing it to change from a gas to a liquid, increasing its pressure and temperature. This process requires energy, which comes from the refrigerator's power source (electricity).

3. Condenser coils: The high-pressure, high-temperature refrigerant then flows through coils located on the back or bottom of the refrigerator. As it passes through these coils, the refrigerant releases heat into the surrounding environment, which is the kitchen or the room where the refrigerator is placed. This causes the refrigerant to cool down and change back from a liquid to a gas.

4. Expansion valve: The low-temperature, low-pressure refrigerant then flows through an expansion valve, which reduces its pressure further. This process causes the temperature of the refrigerant to decrease even more.

5. Evaporator coils: The refrigerant then enters the evaporator coils, which are located inside the refrigerator. As the refrigerant flows through these coils, it absorbs heat from the food inside the refrigerator, causing the refrigerant to evaporate back into a gas.

6. Refrigerant cycle: The cycle repeats, as the refrigerant gas returns to the compressor, where it is compressed once again, and the process continues.

Through this cycle, a refrigerator removes heat from the interior of the refrigerator and releases it into the surrounding environment, keeping the food inside cold. The main reason this process works is the Second Law of Thermodynamics, which states that heat naturally flows from warmer objects to cooler objects. By constantly removing heat from the refrigerator's interior, the refrigerator maintains a colder temperature inside than the temperature outside the refrigerator.

In summary, a refrigerator keeps food cold through a continuous refrigeration cycle involving the compression and expansion of a refrigerant, which absorbs and releases heat as it moves through the coils inside and outside the refrigerator. This heat transfer process is driven by the principles of thermodynamics, ensuring that the temperature inside the refrigerator remains lower than the temperature outside."
16,Who wrote Romeo and Juliet?,duplicate,D5,baseline,2548.38,False,baseline,0.000224,William Shakespeare wrote Romeo and Juliet.
17,Define gravity.,simple,S3,baseline,3755.94,False,baseline,0.0009199999999999999,"Gravity is a natural phenomenon by which all things with mass or energy are attracted to one another. On Earth, gravity gives weight to physical objects, and the Moon'de gravity causes the tides in the oceans. The force of gravity is proportional to the mass of objects and decreases with the square of the distance between them. Sir Isaac Newton formulated the law of universal gravitation, which was later refined by Albert Einstein's theory of general relativity."
18,What is the speed of light?,paraphrase,P3,baseline,3401.93,False,baseline,0.0007199999999999999,"The speed of light in a vacuum is approximately 299,792,458 meters per second, often rounded to 300,00 endpoint when not dealing with extreme precision. This speed is considered a fundamental constant of nature and plays a critical role in the theory of relativity, formulated by Albert Einstein."
19,What is the chemical symbol for gold?,duplicate,D6,baseline,2462.1,False,baseline,0.000208,The chemical symbol for gold is Au.
20,Analyze the causes of the fall of the Roman Empire.,complex,C3,baseline,7654.2,False,baseline,0.0031279999999999997,"The fall of the Roman Empire is a complex historical event that occurred over several centuries. Historians usually trace the decline to a combination of internal and external factors. 


Internal factors included political instability, economic troubles, and military problems. The Roman Empire suffered from frequent changes in leadership, often through violent means, which led to a lack of consistent governance. Political corruption became rampant, and the Senate's power diminished. Economically, the Empire faced inflation, over-taxation, and a reliance on slave labor, which stunted economic innovation. The constant warfare and maintenance of the Empire'thuge military also drained resources.


Additionally, the Empire's vastness made it difficult to govern effectively. As the Empire expanded, it became increasingly challenging to administer such a large territory, leading to a diffusion of power and resources. The Roman military struggled to contain the frequent barbarian invasions, and the reliance on foreign mercenaries weakened loyalty to the Empire.


Externally, the pressure from migrating tribes, such as the Visigoths and the Huns, pushed into Roman territory and contributed to the Empire's vulnerability. The Sack of Rome in 410 by the Visigoths under Alaric I symbolized the Empire's downfall, although Rome had been besieged several times before.


The combination of these factors, alongside others such as cultural changes and the eventual division of the Empire into Western and Eastern entities, led to the eventual collapse of the Western Roman Empire in 476 AD when Romulus Augustus was deposed by the Germanic chieftain Odoacer."
21,What is the currency used in Japan?,unique,U3,baseline,2490.6,False,baseline,0.000232,The currency used in Japan is the Japanese Yen.
22,Is Pluto a planet?,duplicate,D7,baseline,3740.52,False,baseline,0.000896,"Pluto is not considered a planet in the modern classification used by the International Astronomical Union (IAU). It was reclassified as a ""dwarf planet"" in 2006 because it does not meet all the criteria set forth by the IAU for a full-fledged planet. Specifically, Pluto has not cleared its neighboring region of other objects, one of the three criteria that define a planet in the IAU's definition."
23,What is the total number of continents in the world?,paraphrase,P2,baseline,2894.79,False,baseline,0.000488,"There are seven continents on Earth. These are Asia, Africa, North America, South America, Antarctica, Europe, and Australia (or Oceania when including the Pacific islands)."
24,What is the chemical symbol for oxygen?,simple,S4,baseline,2539.64,False,baseline,0.000224,The chemical symbol for oxygen is O.
25,Define photosynthesis.,duplicate,D3,baseline,5412.38,False,baseline,0.0018239999999999999,"Photosynthesis is the process byled by which green plants, algae, and some bacteria convert light energy, typically from the sun, into chemical energy stored in glucose, a sugar molecule. This process occurs in the chloroplasts of plant cells, where chlorophyll pigments absorb light energy. During photosynthesis, carbon dioxide (CO2) from the air and water (H2O) from the soil react in the presence of light to form glucose (C6H12O6) and oxygen (O2). The overall chemical equation for photosynthesis can be simplified to:


6CO2 + 6H2O + light energy → C6H12O6 + 6O2.


Photosynthesis is crucial for life on Earth as it is the primary source of organic matter for almost all organisms, and it is responsible for the release of oxygen into the atmosphere."
26,Write a short paragraph persuading someone to start exercising regularly.,complex,C4,baseline,4596.47,False,baseline,0.001424,"Getting into a regular exercise routine can significantly improve your overall well-being. Not only does physical activity enhance your physical health, but it also has tremendous benefits for your mental health. Exercising regularly can help you maintain a healthy weight, reduce your risk of chronic diseases like heart disease and diabetes, and boost your energy levels. It can also improve your mood, reduce stress, anxiety, and depression, and even enhance your brain function. It's not just about adding years to your life, but also life to your years! So, make that a priority and start incorporating regular exercise into your lifestyle today. Your mind and body will thank you in the long run."
27,Convert 100 kilometers to miles.,unique,U4,baseline,4074.8,False,baseline,0.001096,"To convert kilometers to miles, you can use the conversion factor that 1 kilometer is equal to approximately 0.621371 miles. Using this conversion factor, you can calculate the miles equivalent of 100 kilometers as follows:


100 kilometers * 0носилольт 0.621371 miles/kilometer = 62.1371 miles


Therefore, 100 kilometers is equal to approximately 62.1371 miles."
28,What year did World War II end?,paraphrase,P4,baseline,2576.01,False,baseline,0.000248,World War II ended in the year 1945.
29,What is 15 times 12?,duplicate,D4,baseline,3047.57,False,baseline,0.000544,"To find the product of 15 times 12, you can use multiplication:

15 x 12 = 180

So, 15 times 12 is 180."
30,Who wrote Hamlet?,simple,S5,baseline,4048.22,False,baseline,0.0010559999999999999,"William Shakespeare wrote Hamlet. It is a tragedy that was first published in the First Folio of 1623, almost 32 years after Shakespeare'ged death. The play, set in Denmark, tells the story of Prince Hamlet's quest for revenge against his uncle, who has murdered his father, taken the throne, and married his mother. The play explores themes of treachery, revenge, and state of mind. It is one of Shakespeare's most famous and frequently performed works in the canon."
31,Which city serves as the capital of Japan?,paraphrase,P1,baseline,4142.88,False,baseline,0.00116,"Tokyo


Please note that while the government has been based in Tokyo for almost two centuries, the city of Kyoto historically served as the capital of Japan for over a thousand years before Tokyo. The emperor'table residence has moved to the Tokyo Imperial Palace in 1869, marking the end of the Edo period and the beginning of the Meiji era. Tokyo has since then been the political and cultural center of Japan, although in some ceremonial contexts, the emperor's power remains symbolic, and other cities like Kyoto hold significant cultural heritage."
32,Prove that the sum of two even numbers is always even.,complex,C5,baseline,5715.11,False,baseline,0.0020239999999999998,"Let's consider two even numbers, a and b. By definition, an even number can be expressed as the product of 2 and some integer. So, we can write:

a = 2m
b = 2n

where m and n are integers.

Now, let'selfthe sum of these two even numbers:

a + b = 2m + 2n

We can factor out a 2 from the right side of the equation:

a + b = 2(m + n)

Since the sum of two integers is also an integer, we can write m + n as some integer, say p (where p is an integer). Therefore:

a + b = 2p

Now, according to our definition, for a + b to be even, it must be expressible as the product of 2 and an integer. And since we have expressed a + b in this form, it is an even number.

Hence, we have proven that the sum of two even numbers is always even."
33,Who wrote Romeo and Juliet?,duplicate,D5,baseline,2433.9,False,baseline,0.000224,William Shakespeare wrote Romeo and Juliet.
34,What causes earthquakes?,unique,U5,baseline,4350.33,False,baseline,0.001264,"Earthquakes are caused by the sudden release of energy in the Earth'cls's crust that creates seismic waves. This release of energy usually occurs because of stress built up within rocks that form the edges of Earth's tectonic plates. The Earth's crust may crack or slip along faults due to this stress, resulting in an earthquake. Earthquakes can happen anywhere, but they are most frequent along the boundaries of the Earth's tectonic plates. The most severe earthquakes tend to occur in the ""Ring of Fire,"" an area in the Pacific Ocean basin where numerous tectonic plates meet."
35,How fast does light travel?,paraphrase,P3,baseline,3315.2,False,baseline,0.000616,"Light travels at a speed of approximately 299,792 kilometers per second in a vacuum, which is commonly referred to as the speed of light, denoted by the symbol ""c"". This is the maximum speed at which all matter and information in the universe can travel."
36,What is the freezing point of water in Fahrenheit?,simple,S6,baseline,2735.13,False,baseline,0.00031999999999999997,The freezing point of water in Fahrenheit is 32°F.
37,What is the chemical symbol for gold?,duplicate,D6,baseline,3353.71,False,baseline,0.0007199999999999999,"The chemical symbol for gold is Au. This symbol comes from the Latin name for gold, which is ""aurum."" The symbol is derived from the first two letters of this Latin name. Gold' enduring presence in human history has led to its symbol being widely recognized and used in various applications, including currency, jewelry, and electronics."
38,Explain the difference between weather and climate in detail.,complex,C6,baseline,9741.27,False,baseline,0.004096,"Weather and climate are related terms, but they have distinct meanings and implications. Weather refers to the day-to-day conditions in a specific region, including factors like temperature, precipitation, wind speed and direction, and atmospheric pressure. Weather patterns can change quickly and are subject to short-term fluctuations. Weather forecasts are made based on the prediction of these conditions for a specific time and location.

Climate, on the other hand, refers to the long-term average of weather patterns in a region, typically taken over a period of 30 years or more. Climate patterns include average temperature, precipitation, humidity, and wind conditions, as well as the frequency and severity of extreme weather events. Climate can vary greatly from one region to another, with some areas experiencing hot and dry summers, while others have mild and wet winters. Climate change, or global warming, refers to the long-term changes in climate patterns, often resulting from human activities such as burning fossil fuels and deforestation.

One key difference between weather and climate is their timescale. Weather changes from day to day or even hour to hour, while climate trends are observed over longer periods of time. Climate is also more complex, involving the interactions between the atmosphere, oceans, and land surfaces, as well as the impact of human activities.

Another difference is the tools and methods used to measure and predict weather and climate. Weather forecasts rely on observations from ground-based weather stations, satellites, and weather balloons, as well as computer models that simulate weather patterns. Climate models, on the other hand, simulate the interactions between the various components of the climate system over longer periods of time, typically ranging from decades to centuries.

In summary, weather refers to short-term conditions in a specific region, while climate refers to long-term patterns and trends in weather over a larger region and time scale. Weather is subject to quick changes and can be unpredictable, while climate trends are relatively stable over long periods of time. Both weather and climate are essential for understanding the Earth's environment, and the study of these phenomena is crucial for addressing issues such as climate change and extreme weather events."
39,In what year did the Second World War come to an end?,paraphrase,P4,baseline,2729.78,False,baseline,0.00028,The Second World War ended in 1945.
40,Name three primary colors.,unique,U6,baseline,3029.64,False,baseline,0.000464,"The three primary colors are red, blue, and yellow. These colors are considered primary because they cannot be created by mixing other colors together and are the basis from which a wide spectrum of other colors can be mixed."
41,Is Pluto a planet?,duplicate,D7,baseline,5590.25,False,baseline,0.001896,"No, Pluto is not classified as a planet. It was reclassified as a dwarf planet by the International Astronomical Union (IAU) in 2006. This decision was made because Pluto does not meet all the criteria set by the IAU for a full-fledged planet. Specifically, Pluto has not cleared the neighborhood around its orbit; it shares its orbital space with other objects in the Kuiper Belt, a region of the solar system beyond Neptune filled with icy bodies. Moreover, Pluto's orbit is highly eccentric and crosses that of Neptune, although the two objects' orbits are always separated by a significant distance. As a result, Pluto falls under the category of dwarf planets, which are celestial bodies that are in orbit around the Sun, have sufficient mass for their self-gravity to overcome rigid body forces and thus attain hydrostatic equilibrium (a nearly round shape), but have not cleared their orbital zone of other debris."
42,Is the Earth round?,simple,S7,baseline,3327.85,False,baseline,0.0006,"Yes, the Earth is round, more precisely an oblate spheroid due to its rotation, which causes it to bulge at the equator and flatten at the poles. This shape has been observed and measured through centuries of exploration, astronomy, and satellite imagery."
43,What is the largest ocean on Earth?,paraphrase,P5,baseline,4395.07,False,baseline,0.001272,"The Pacific Ocean is the largest ocean on Earth. It covers an area of about 63 million square miles (165 million square kilometers), which is larger than all of Earth'th's landmass combined. The Pacific Ocean's expanse stretches from the Arctic Ocean in the north to the Southern Ocean near Antarctica in the south, and from Asia and Australia on the west to the Americas on the east. It is also known for the ""Ring of Fire,"" the area with frequent earthquakes and volcanic activity, and for the Mariana Trench, which is the deepest known part of the world's oceans."
44,Why do leaves change color in autumn?,complex,C7,baseline,4541.31,False,baseline,0.001344,"Leaves change color in autumn due to the breakdown of chlorophyll, which gives leaves their green color. As daylight hours shorten and temperatures drop in autumn, trees begin to prepare for winter. The chlorophyll breaks down, and the green color fades, revealing other pigments such as carotenoids (yellows and oranges) and anthocyanins (reds and purples). These pigments become visible as the vibrant green fades, resulting in the colorful foliage that is characteristic of the autumn season. This change is a survival strategy, as it helps the tree to conserve resources before the onset of winter."
45,What is the largest mammal on Earth?,unique,U7,baseline,5187.26,False,baseline,0.0016879999999999998,"The largest mammal on Earth is the blue whale (*Balaenoptera musculus*). Blue whales can reach lengths of up to 100 feet (30 meters) and can weigh as much as 200 tons (about 181 metric tons). Despite their enormous size, blue whales are filter feeders and primarily consume krill. They have unique baleen plates instead of teeth, which they use to strain their food from the water. The heart of a blue whale is also the largest of any animal, with a heart the size of a Volkswagen Beetle, capable of pumping the equivalent of a gallon of blood through its system to supply oxygen to its massive body. Blue whales can live up to 90 years or more, and their population is still recovering from the brink of extinction due to whaling."
46,Which ocean is the biggest one on the planet?,paraphrase,P5,baseline,3393.54,False,baseline,0.0007279999999999999,"The Pacific Ocean is the largest ocean on Earth. It covers more than 63 million square miles, which is more than 46% of the Earth's surface. The name ""Pacific"" was given to the ocean by Portuguese explorer Ferdinand Magellan during his round-the-world voyage in 1522."
47,What is the capital of Canada?,simple,S8,baseline,2393.19,False,baseline,0.00015999999999999999,Ottawa
48,What is the square root of 144?,paraphrase,P6,baseline,2626.85,False,baseline,0.000272,The square root of 144 is 12.
49,Compare the economic systems of capitalism and socialism.,complex,C8,baseline,9075.66,False,baseline,0.0037679999999999996,"Capitalism and socialism are two distinct economic systems that differ significantly in their principles, functions, and methods of resource distribution.


Capitalism is an economic system characterized by private ownership of the means of production, where market forces like supply and demand determine prices, and where the accumulation of capital is prioritized. In a capitalist economy, individuals and businesses operate for profit, and the competition for wealth can drive economic growth. The free market dictates production, and prices are determined by what consumers are willing to pay. This system values individual rights and freedom, including the right to own property and start businesses.


On the other hand, socialism is an economic system where the means of production, distribution, and exchange are owned or regulated by the community as a whole, often through the state. In a socialist economy, there is a greater emphasis on reducing inequalities and providing for the citizens' needs rather than individual wealth. The state may determine prices and production goals, aiming to distribute resources more equally among the population. Socialism often advocates for the collective ownership of property and aims to reduce class distinries.


While capitalism promotes personal initiative and competition, socialism emphasizes collective welfare and equality. The two systems also differ in their approach to economic planning and resource distribution, with capitalism relying heavily on market-based decisions and socialism depending more on planned economies.


Despite these differences, in practice, most economies blend elements of both systems, often referred to as mixed economies. These economies take advantages of capitalism’s efficiency and incentives while utilizing socialism's focus on welfare and equality to reduce the adverse effects of pure capitalism.


In summary, capitalism is driven by profit and individualism, whereas socialism emphasizes collective welfare and equality. The two systems represent different priorities in resource distribution, economic planning, and the role of government. However, most contemporary economies are a mix of both, combining the best aspects of both systems."
50,How many players are on a soccer team?,unique,U8,baseline,3686.17,False,baseline,0.000816,"A soccer team typically consists of 11 players on the field at one time. This includes one goalkeeper and ten outfield players who are divided into defenders, midfielders, and forwards, though the exact number of midfielders can vary. However, the standard formation for a soccer team does not change the total number of players on the field, which remains 11."
51,Can you calculate the square root of 144?,paraphrase,P6,baseline,2567.55,False,baseline,0.000296,"Yes, the square root of 144 is 12."
52,Calculate 100 divided by 4.,simple,S9,baseline,2389.31,False,baseline,0.000184,25
53,Who painted the Mona Lisa?,paraphrase,P7,baseline,3754.01,False,baseline,0.0009119999999999999,"The Mona Lisa was painted by the Italian artist Leonardo da Vinci in the early 16th century. Specifically, it is believed that he started working on the painting around 2014 (1503) and completed it in 1506. The Mona Lisa, also known as La Gioconda in Italian, is one of the most famous and valuable paintings in the world, housed in the Louvre Museum in Paris."
54,Walk me through the steps of how a bill becomes a law in the United States.,complex,C9,baseline,12060.4,False,baseline,0.0052239999999999995,"Certainly! Here's a simplified breakdown of the legislative process in the United States, from the introduction of a bill to its potential passage as law:


1. Introduction: A member of Congress (either in the House of Representatives or the Senate) introduces a bill. In the House, the bill is dropped into the ""hopper,"" a box located at the side of the chamber. In the Senate, the bill is presented to the clerk.


2. Committee Review: The bill is referred to a committee that has jurisdiction over the subject matter. Here, it is studied, and hearings may be held where experts and the public can provide testimony. The committee can make changes and amendments to the bill.


3. Subcommittee Review: Within committees, the bill may first go to a subcommittee for more focused review and hearings.


4. Mark Up: After review, the full committee votes on whether to send the bill back to the full chamber with an ""order for report.""


5. Floor Debate: The bill is placed on a calendar for floor debate. Both the House and the Senate have rules for how long and how the bill can be debated.


6. Voting: If a bill clears debate, the full chamber votes on it. If it passes one chamber, it must go through a similar process in the other chamber.


7. Conference Committee: If the House and Senate pass different versions of the bill, a conference committee composed of members from both chambers is formed to reconcile the differences.


8. Final Approval: Both chambers must pass the reconciled version of the bill.


9. Presidential Action: The president receives the bill and has three options:

    a. Sign: The president can sign the bill into law.

    b. Veto: The president can refuse to sign the bill, returning it to Congress with his objections. This is a veto.

    c. No Action: If the president takes no action for ten days while Congress is in session, the bill automatically becomes law.

    d. Pocket Veto: If the president takes no action for ten days while Congress is not in session, the bill dies.


10. Overriding a Veto: If the president vetoes a bill, Congress can attempt to override the veto with a two-thirds majority vote in both the House and the Senate.


If the bill becomes law or is allowed to die, the process ends. If Congress adjourns before the president's decision, the bill dies even without the president's signature (pocket veto).


Remember, this is a simplified version and the actual process can be quite complex, with many steps and nuances depending on the nature of the legislation and political context."
55,What is the main ingredient in guacamole?,unique,U9,baseline,2697.41,False,baseline,0.000312,The main ingredient in guacamole is the avocado.
56,Which artist created the Mona Lisa painting?,paraphrase,P7,baseline,5386.15,False,baseline,0.001856,"The artist who created the Mona Lisa painting is Leonardo da Vinci. He was an Italian polymath who is widely considered one of the greatest painters in history. The Mona Lisa, which depicts a woman believed to be Lisa Gherardini, wife of Florentine merchant Francesco del Giocondo, was painted between 1503 and 1506, though some art historians believe the work could have continued for several more years. Da Vinci'ner, born in 1452 in Vinci, Tuscany, Italy, was a key figure in the Italian Renaissance, a period that produced some of the most well-known artists and inventors of the era. The Mona Lisa is renowned for its subject's enigmatic expression, the use of sfumato, and the detailed background, and remains one of the most famous and imitated pieces of art in the world. The painting currently resides in the Louvre Museum in Paris, France."
57,Define an atom.,simple,S10,baseline,6302.77,False,baseline,0.0022719999999999997,"An atom is the smallest unit of a chemical element that retains the chemical properties of that element. Atoms consist of a central nucleus, made up of protons and neutrons, and electrons that orbit the nucleus in energy levels. The number of protons in the nucleus determines the element' end atomic number, while the number of protons and neutrons together determines the atomic mass. Atoms can combine with each other to form molecules, which are the building blocks of matter. 


Here is a more comprehensive definition:

An atom is the smallest constituent unit of matter that retains the chemical properties of an element. It consists of a nucleus containing protons and neutrons, with electrons orbiting the nucleus in energy levels. The number of protons, known as the atomic number, determines the element's identity, while the atomic mass is determined by the combined number of protons and neutrons in the nucleus. Atoms can bond with other atoms to form molecules or participate in chemical reactions, where they can share, transfer, or gain electrons to form new substances with different properties. Atoms are also the primary building blocks of all matter in the universe, and understanding their properties and interactions is fundamental to many scientific disciplines."
58,Analyze the pros and cons of remote work for employees and employers.,complex,C10,baseline,21866.83,False,baseline,0.009375999999999999,"Pros of Remote Work for Employees:

1. Flexibility: Remote work allows employees to have a flexible work schedule, which can help them balance work and personal life more effectively.

2. Reduced Commute Time: Without the need to commute to the office, employees can save time and money, as well as reduce their carbon footprint.

3. Increased Productivity: Remote workers often report higher levels of productivity, as they can work in an environment that suits them best, without distractions.

4. Better work-life balance: Remote work can help employees achieve a better work-life balance by eliminating the need to travel to the office and by allowing them to work from home.

5. Access to a wider range of job opportunities: Remote work can enable individuals to work for companies that are not based in their immediate vicinity, thus expanding their job opportunities.

6. Improved mental health: Remote work can help reduce stress and anxiety levels, as employees can work in a comfortable environment, without the added pressure of commuting or office politics.

7. Increased autonomy: Remote work can provide employees with a sense of autonomy, as they can work independently and manage their time as they see fit.

8. Improved job satisfaction: Remote work can lead to higher job satisfaction levels, as employees feel more in control of their work and their schedule.


Cons of Remote Work for Employees:

1. Isolation: Remote work can lead to feelings of isolation and loneliness, as employees may not have as much face-to-face interaction with colleagues.

2. Difficulty separating work and personal life: Remote work can blur the line between work and personal life, leading to longer work hours and difficulty in switching off from work.

3. Lack of structure: Remote work can lead to a lack of structure, as employees may find it harder to create a routine without the external pressures of an office environment.

4. Limited career advancement opportunities: Remote work can limit career advancement opportunities, as employees may not have as much visibility or access to their colleagues and managers.

5. Technical difficulties: Remote work can be affected by technical difficulties, such as unreliable internet connections or incompatible software.

6. Communication difficulties: Remote work can lead to communication difficulties, as employees may find it harder to communicate effectively with colleagues and managers without face-to-face interaction.

7. Difficulty in separating work and personal space: Remote work can lead to difficulty in separating work and personal space, as employees may need to create a workspace in their home.


Pros of Remote Work for Employers:

1. Increased productivity: Remote work can lead to increased productivity, as employees can work in an environment that suits them best, without distractions.

2. Reduced overhead costs: Remote work can help reduce overhead costs, such as office space and utilities.

3. Increased talent pool: Remote work can enable employers to access a wider talent pool, as they can hire employees from all over the world.

4. Increased employee satisfaction: Remote work can lead to higher employee satisfaction levels, as employees feel more in control of their work and their schedule.

5. Reduced absenteeism: Remote work can reduce absenteeism, as employees can work from home if they are unwell or have other commitments.

6. Improved retention rates: Remote work can improve employee retention rates, as employees are more likely to stay with an employer that offers flexible working arrangements.

7. Reduced turnover: Remote work can reduce employee turnover, as employees are less likely to leave an employer that offers flexible working arrangements.


Cons of Remote Work for Employers:

1. Difficulty in monitoring employee productivity: Remote work can make it difficult for employers to monitor employee productivity and ensure that work is being completed effectively.

2. Communication difficulties: Remote work can lead to communication difficulties, as employers may find it harder to communicate effectively with their employees without face-to-face interaction.

3. Difficulty in building a cohesive team culture: Remote work can make it difficult to build a cohesive team culture, as employees may feel disconnected from their colleagues.

4. Limited access to technology: Remote work can be affected by limited access to technology, such as unreliable internet connections or incompatible software.

5. Security concerns: Remote work can lead to security concerns, as employers need to ensure that sensitive company information is secure when employees are working from home.

6. Increased management effort: Remote work can require more management effort, as employers may need to put in extra effort to manage and communicate with their remote employees.

7. Limited face-to-face interaction: Remote work can limit face-to-face interaction with employees, which can make it harder to build trust and rapport."
59,Describe how vaccines help the immune system.,unique,U10,baseline,4657.07,False,baseline,0.001312,"Vaccines work by introducing a weakened or inactivated form of a pathogen or a part of a pathogen into the body, which stimulants an immune response without causing the full-blown disease. This immune response includes the production of B and T cells and the release of antibodies specific to the pathogen. This process helps the immune system ""remember"" the pathogen, so that if the person is exposed to the real pathogen in the future, the immune system can respond more quickly and effectively, preventing or reducing the severity of the illness. This principle of vaccination is known as immunological memory."
60,What is the capital of France?,duplicate,D1,baseline,2453.68,False,baseline,0.000192,The capital of France is Paris.
1,What is the capital of France?,duplicate,D1,adaptive,5405.26,False,small,1.76e-05,The capital of France is Paris.
2,What is the capital of France?,duplicate,D1,adaptive,43.6,True,small,5e-08,The capital of France is Paris.
3,What is the boiling point of water in Celsius?,duplicate,D2,adaptive,2443.64,False,medium,7.999999999999999e-05,The boiling point of water in Celsius is 100 degrees.
4,What is the boiling point of water in Celsius?,duplicate,D2,adaptive,54.35,True,medium,5e-08,The boiling point of water in Celsius is 100 degrees.
5,What is the capital of Italy?,simple,S1,adaptive,2562.89,False,small,3.48e-05,"As a language model, I am designed to provide information and answer questions to the best of my knowledge. I do not have a physical presence and cannot visit places, including Italy. However, I can tell you that the capital of Italy is Rome."
6,What is the capital of Japan?,paraphrase,P1,adaptive,2261.74,False,small,1.76e-05,The capital of Japan is Tokyo.
7,Explain why the sky appears blue during the day.,complex,C1,adaptive,23581.53,False,large,0.001856,"The sky appears blue during the day due to a phenomenon called Rayleigh scattering. When the sun's light enters the Earth's atmosphere, it collides with particles such as molecules of nitrogen and oxygen, and tiny bits of dust and water droplets. This causes the light to scatter in multiple directions. Blue light has a shorter wavelength than other colors, so it scatters more easily and in more directions. As a result, when we look at the sky, we see blue light coming from all directions, making the sky appear blue. 

This effect is more pronounced during the day because the sun is higher in the sky, its light has to travel through more of the Earth's atmosphere before reaching us, and blue light is scattered more easily. During sunrise and sunset, the light has to travel through less of the atmosphere, so the blue light is scattered less, allowing more red and orange light to reach our eyes, which is why the sky appears red or orange during these times."
8,Define photosynthesis.,duplicate,D3,adaptive,6570.47,False,small,0.0001324,"Photosynthesis is a process by which green plants, algae, and some bacteria convert light energy, carbon dioxide, and water into glucose and oxygen, releasing oxygen as a byproduct. This is an important chemical reaction for life on Earth, as it provides the energy needed to sustain life.

Photosynthesis can be divided into two stages: light-dependent reactions and light-independent reactions. In the light-dependent reactions, the glucose and carbon dioxide are converted into a sugar called glucose, which is used as an energy source. The light-dependent reactions also involve the conversion of some water into oxygen and carbon dioxide.

The light-independent reactions, which occurs in the thylakoid membranes of chloroplasts, are responsible for converting the energy from light into chemical energy. This process involves the conversion of the energy from light into chemical energy in the form of ATP and NADPH.

The process of photosynthesis can be represented by the following equation:

6CO2 + 6H2O + light energy → C6H12O6 + 6O2

This equation shows that one molecule of carbon dioxide and six molecules of water are converted into one molecule of glucose and six molecules of oxygen.

Photosynthesis is an important aspect of life on Earth, and it plays a crucial role in the production of oxygen, which is essential for most of the Earth's life forms, including humans. Photosynthesis is also an important source of energy for many organisms, including those that live in the ocean."
9,What is the tallest mountain in the world?,unique,U1,adaptive,10435.1,False,medium,0.00032199999999999997,"The tallest mountain in the world is Mount Everest. It is part of the Himalayan mountain range in Asia, sitting on the border between Nepal and the Tibet Autonomous Region of China. Its peak rises to an official height of 8,848.86 meters (29,031.7 feet) above sea level, according to the revision made by China and Nepal in 2020. This measurement is recognized by the National Geospatial-Intelligence Agency of the United States. Mount Everest is known as Sagarmatha in Nepali and Chom Ougri Tsenjo in Tibetan."
10,How many continents are there on Earth?,paraphrase,P2,adaptive,2713.42,False,medium,9.6e-05,"There are seven continents on Earth. They are Asia, Africa, North America, South America, Antarctica, Europe, and Australia."
11,What is 9 plus 16?,simple,S2,adaptive,5087.88,False,small,1.96e-05,9 plus 16 equals 25.
12,What is 15 times 12?,duplicate,D4,adaptive,2264.38,False,small,2.0799999999999997e-05,15 times 12 is 180.
13,Compare and contrast renewable and non-renewable energy sources.,complex,C2,adaptive,28907.18,False,large,0.0020959999999999998,"Renewable energy sources are sources of energy that are replenished naturally over time, and can therefore be indefinitely sustained. This includes sources like solar, wind, hydro, geothermal, and biomass energy. These sources are clean, environmentally friendly and increasingly popular in our effort to reduce carbon emissions and combat climate change.

Non-renewable energy sources, on the other hand, are finite resources that cannot be replenished naturally over time. These sources include fossil fuels like coal, oil, and natural gas, as well as nuclear energy. While they are reliable sources of energy that have powered our societies for decades, they are also polluting and contribute to climate change.

The key difference between renewable and non-renewable energy sources is their sustainability. Renewable energy sources are sustainable in the long term because they are replenished naturally, while non-renewable energy sources are not sustainable because they will eventually run out. Additionally, renewable energy sources are generally cleaner and safer than non-renewable sources, which can have negative environmental and health impacts."
14,Can you tell me Japan's capital city?,paraphrase,P1,adaptive,55.89,True,small,5e-08,The capital of Japan is Tokyo.
15,How does a refrigerator keep food cold?,unique,U2,adaptive,14871.59,False,medium,0.000842,"A refrigerator keeps food cold through a process called the refrigeration cycle. This cycle involves the following steps:

1. Compressor: A compressor is a mechanical device that increases the pressure and temperature of a refrigerant gas. In the case of a refrigerator, the compressor compresses a gas (usually Freon) that circulates through the refrigerator.

2. Condenser: The high-pressure, high-temperature gas flows through the condenser coils, which are located on the back or bottom of the refrigerator. As the gas releases heat, it condenses into a high-pressure liquid.

3. Expansion valve: The high-pressure liquid then flows through an expansion valve, which reduces the pressure and temperature of the refrigerant, causing it to expand into a low-pressure, cool gas.

4. Evaporator: The cool, low-pressure gas flows through the evaporator coils, which are located inside the refrigerator. As the gas absorbs heat from the food and air inside the refrigerator, it evaporates back into a low-pressure gas.

5. Repeat: The low-pressure gas then flows back to the compressor to repeat the cycle.

This process removes heat from the inside of the refrigerator, keeping the temperature cold and preserving the food. The temperature inside the refrigerator is controlled by a thermostat, which regulates the compressor's operation. When the temperature inside the refrigerator reaches a certain level, the compressor stops, and the temperature starts to rise. When it reaches the desired temperature again, the compressor starts working to bring the temperature back down. This cycle continues as long as the refrigerator door remains closed."
16,Who wrote Romeo and Juliet?,duplicate,D5,adaptive,2462.55,False,medium,4.2e-05,William Shakespeare
17,Define gravity.,simple,S3,adaptive,6149.74,False,small,7.879999999999999e-05,"Gravity, or ""weight,"" is a fundamental force that exists between all objects in the universe. It is the attraction that one object exerts on another. This attraction is proportional to the masses of the objects and inversely proportional to the square of the distance between them. 

In simpler terms, gravity is the force that draws two objects towards each other, whether they are planets, galaxies, or even a very small mass like a pebble. It is the pull that causes objects to fall to the ground or the Earth when dropped, or to stay in orbit around the sun.

Gravity plays a crucial role in our world, affecting everything from the behavior of objects in space to the motion of planets and the movement of celestial bodies. It is a fundamental part of the physical world and has been observed by scientists throughout history."
18,What is the speed of light?,paraphrase,P3,adaptive,2515.39,False,small,4.3599999999999996e-05,"The speed of light is approximately 3.00 × 10^8 meters per second. This is a fundamental constant in physics and has been determined through experiments and theoretical calculations. It represents the maximum speed at which light can travel through any medium and is a crucial physical constant in quantum mechanics, electromagnetism, and many other areas of physics."
19,What is the chemical symbol for gold?,duplicate,D6,adaptive,2287.12,False,small,1.84e-05,The chemical symbol for gold is Au.
20,Analyze the causes of the fall of the Roman Empire.,complex,C3,adaptive,39018.68,False,large,0.004272,"The fall of the Western Roman Empire, which occurred in 476 CE, was a complex and gradual process that spanned over several centuries and had both internal and external causes. Some of the most significant factors that contributed to the fall of the Roman Empire include:

1. Economic troubles: The Roman economy was based on conquest and the spoils of war. As the empire expanded, the cost of maintaining it rose, and there were fewer opportunities for gains through conquest. This, combined with overspending on military and public works, led to economic instability. Inflation, declining agricultural productivity, and a shortage of labor also weakened the economy.

2. Military troubles: The Roman military, which had once been the most powerful in the world, began to decline in the 3rd century CE. This was due in part to the fact that many soldiers were from non-Roman territories and did not have the same level of loyalty to the empire as native-born Romans. Additionally, the adoption of new military tactics and weapons by barbarian armies put the Romans at a disadvantage.

3. Political troubles: The Roman political system was plagued by corruption, inefficiency, and a lack of effective leadership. Emperors were often selected by the military rather than by birthright, leading to frequent coups and short-lived rulers. The office of the emperor became increasingly powerless as regional governors gained more autonomy.

4. Barbarian invasions: The Roman Empire faced constant threats from barbarian tribes, who sought to conquer the empire and take its riches. The Romans were able to keep many of these threats at bay, but as the military declined, the empire was increasingly vulnerable to attack. In the 5th century CE, the Visigoths, Vandals, and Ostrogoths crossed the Rhine and sacked several major cities, including Rome itself.

5. Cultural and religious changes: As the Roman Empire expanded, it came into contact with a variety of different cultures and religions. These new influences, particularly Christianity, began to change the values and traditions of the empire. The decline of the polytheistic religions of Rome, along with the rise of Christianity, weakened the social and cultural cohesion of the empire.

In conclusion, the fall of the Western Roman Empire was caused by a combination of internal and external factors"
21,What is the currency used in Japan?,unique,U3,adaptive,4261.93,False,small,2.8e-05,"In Japan, the currency used is the Japanese yen (¥). This is the official currency of Japan and is the base for most transactions and payments in Japan."
22,Is Pluto a planet?,duplicate,D7,adaptive,3560.4,False,small,0.0001456,"As an AI language model, I can provide you with the correct answer to your question. Pluto is not a planet. It is a dwarf planet, which is a natural satellite of the sun. Pluto is the ninth planet from the sun and is also considered to be a dwarf planet. Here are some key points to consider:

1. Classification: Pluto was discovered in 1936 and is considered a dwarf planet by the International Astronomical Union.

2. Nature: Pluto is a celestial body composed of rock, ice, and other substances that make up the Kuiper Belt and the Oort Cloud.

3. Physical characteristics: Pluto is larger than any other planet in the solar system, with a diameter of about 5, 500 kilometers. It is known for its dark, snow-like surface and is covered in craters and mountains.

4. Discovery: In 1930, American astronomer Clyde D. Hoots discovered Pluto through the use of his Pluto Explorer spacecraft. It was not until 2006 that the International Astronomical Union officially recognized Pluto as a planet.

5. Classification: In the past, Pluto was considered to be a dwarf planet, but the current classification system classifies it as a planet.

6. Characteristics: While Pluto is not a planet, it is important to note that Pluto is very close to the sun and its surface temperature is very low. It also has a small moon known as Charon.

In summary, Pluto is not a planet, but it is a dwarf planet that fits the definition of a planet according to the current system of classification."
23,What is the total number of continents in the world?,paraphrase,P2,adaptive,31.74,True,medium,5e-08,"There are seven continents on Earth. They are Asia, Africa, North America, South America, Antarctica, Europe, and Australia."
24,What is the chemical symbol for oxygen?,simple,S4,adaptive,2314.27,False,small,1.88e-05,The chemical symbol for oxygen is O2.
25,Define photosynthesis.,duplicate,D3,adaptive,28.74,True,small,5e-08,"Photosynthesis is a process by which green plants, algae, and some bacteria convert light energy, carbon dioxide, and water into glucose and oxygen, releasing oxygen as a byproduct. This is an important chemical reaction for life on Earth, as it provides the energy needed to sustain life.

Photosynthesis can be divided into two stages: light-dependent reactions and light-independent reactions. In the light-dependent reactions, the glucose and carbon dioxide are converted into a sugar called glucose, which is used as an energy source. The light-dependent reactions also involve the conversion of some water into oxygen and carbon dioxide.

The light-independent reactions, which occurs in the thylakoid membranes of chloroplasts, are responsible for converting the energy from light into chemical energy. This process involves the conversion of the energy from light into chemical energy in the form of ATP and NADPH.

The process of photosynthesis can be represented by the following equation:

6CO2 + 6H2O + light energy → C6H12O6 + 6O2

This equation shows that one molecule of carbon dioxide and six molecules of water are converted into one molecule of glucose and six molecules of oxygen.

Photosynthesis is an important aspect of life on Earth, and it plays a crucial role in the production of oxygen, which is essential for most of the Earth's life forms, including humans. Photosynthesis is also an important source of energy for many organisms, including those that live in the ocean."
26,Write a short paragraph persuading someone to start exercising regularly.,complex,C4,adaptive,8151.88,False,large,0.001168,"Exercising regularly has numerous benefits that can significantly improve your overall well-being. It can help you maintain a healthy weight, reduce the risk of chronic diseases, increase energy levels, and improve your mood. Regular physical activity has also been shown to improve sleep, cognitive function, and bone density. By making exercise a regular part of your routine, you are investing in your long-term health and happiness. It doesn't have to be a chore - find an activity that you enjoy and make it a fun part of your day. The benefits are worth the effort, so why not start today?"
27,Convert 100 kilometers to miles.,unique,U4,adaptive,7812.11,False,medium,0.00021799999999999999,"To convert kilometers to miles, we use the conversion factor that 1 kilometer is approximately equal to 0.621371 miles. Therefore, 

100 kilometers * 0.621371 miles/kilometer = 62.1371 miles

So, 100 kilometers is equivalent to approximately 62.1371 miles."
28,What year did World War II end?,paraphrase,P4,adaptive,2442.54,False,medium,6.2e-05,World War II ended in the year 1945.
29,What is 15 times 12?,duplicate,D4,adaptive,44.75,True,small,5e-08,15 times 12 is 180.
30,Who wrote Hamlet?,simple,S5,adaptive,2454.96,False,medium,4.4e-05,William Shakespeare wrote Hamlet.
31,Which city serves as the capital of Japan?,paraphrase,P1,adaptive,28.79,True,small,5e-08,The capital of Japan is Tokyo.
32,Prove that the sum of two even numbers is always even.,complex,C5,adaptive,15797.07,False,large,0.00148,"Let two even numbers be given as x and y. By definition, an even number is any integer that can be exactly divided by 2. Therefore, x and y can both be written as:

x = 2a
y = 2b

where a and b are integers.

Now, the sum of x and y is:

x + y = 2a + 2b

Since a and b are integers, their sum, 2a + 2b, is also an integer.

By the definition of an even number, this new integer is exactly divisible by 2. In other words, it is an even number.

Thus, the sum of two even numbers is always even."
33,Who wrote Romeo and Juliet?,duplicate,D5,adaptive,32.37,True,medium,5e-08,William Shakespeare
34,What causes earthquakes?,unique,U5,adaptive,8910.08,False,medium,0.000316,"Earthquakes are caused by the sudden release of energy in the Earth' end crust that creates seismic waves. This energy release is usually due to the movement of tectonic plates, which can cause the ground to shake. The most common cause of earthquakes is the movement of these plates, which can either move apart (divergent boundaries), slide past each other (transform boundaries), or collide and one plate move under another (convergent boundaries). Volcanic activities and human activities such as mining, reservoir-induced seismicity, and testing of nuclear weapons can also cause earthquakes, but these are less common causes."
35,How fast does light travel?,paraphrase,P3,adaptive,3702.61,False,medium,0.000224,"The speed of light in a vacuum is approximately 299,792 kilometers per second or about 186,282 miles per second. This incredible speed is a fundamental constant of nature and plays a crucial role in the theory of relativity proposed by Albert Einstein. It is often rounded to 300,00 endpoint km/sec for ease of communication, but for precision, the exact figure is used."
36,What is the freezing point of water in Fahrenheit?,simple,S6,adaptive,3030.97,False,medium,0.00011999999999999999,The freezing point of water is 32 degrees Fahrenheit. This is the temperature at which water changes from a liquid to a solid state under standard atmospherin pressure.
37,What is the chemical symbol for gold?,duplicate,D6,adaptive,29.65,True,small,5e-08,The chemical symbol for gold is Au.
38,Explain the difference between weather and climate in detail.,complex,C6,adaptive,33994.87,False,large,0.003264,"Weather and climate are two related but distinct concepts. Weather refers to the atmospheric conditions of a particular location over a short period of time, usually measured in hours, days or weeks. It includes variables like temperature, humidity, wind speed, precipitation, and atmospheric pressure. Weather can change suddenly, often from hour to hour or day to day.

Climate, on the other hand, refers to the average weather patterns of a particular region over an extended period of time, usually measured in months or years. It's determined by analyzing historical weather data, and it provides an estimate of the most likely weather conditions for a given area at a specific time of year. Climate takes into account factors like temperature, precipitation, wind, and sunshine, among others.

The key difference between weather and climate is the time scale. Weather is a temporary condition that can change rapidly, while climate is a long-term average of weather conditions. In other words, weather is what you can see outside on any particular day, while climate is the pattern of weather that occurs in a region over a longer period of time.

For example, in one day, the weather in New York City could be sunny with a high of 75°F and a low of 55°F, while the climate in New York City over the past 100 years has shown an average temperature of 59°F. So, the current weather in New York City is sunny, but the climate over the past century has been relatively cool.

In summary, weather is a short-term atmospheric condition, while climate is a long-term average of weather conditions. They are both important aspects of the atmosphere, and understanding the difference between them can help us better understand and predict the conditions we will experience in the future."
39,In what year did the Second World War come to an end?,paraphrase,P4,adaptive,9095.0,False,medium,7.999999999999999e-05,The Second World War came to an end in the year 1945.
40,Name three primary colors.,unique,U6,adaptive,2845.48,False,medium,0.00011399999999999999,"The three primary colors are red, blue, and yellow. These are the colors that cannot be created through the mixing of other colors and are the basis from which a wide range of other colors can be mixed."
41,Is Pluto a planet?,duplicate,D7,adaptive,50.87,True,small,5e-08,"As an AI language model, I can provide you with the correct answer to your question. Pluto is not a planet. It is a dwarf planet, which is a natural satellite of the sun. Pluto is the ninth planet from the sun and is also considered to be a dwarf planet. Here are some key points to consider:

1. Classification: Pluto was discovered in 1936 and is considered a dwarf planet by the International Astronomical Union.

2. Nature: Pluto is a celestial body composed of rock, ice, and other substances that make up the Kuiper Belt and the Oort Cloud.

3. Physical characteristics: Pluto is larger than any other planet in the solar system, with a diameter of about 5, 500 kilometers. It is known for its dark, snow-like surface and is covered in craters and mountains.

4. Discovery: In 1930, American astronomer Clyde D. Hoots discovered Pluto through the use of his Pluto Explorer spacecraft. It was not until 2006 that the International Astronomical Union officially recognized Pluto as a planet.

5. Classification: In the past, Pluto was considered to be a dwarf planet, but the current classification system classifies it as a planet.

6. Characteristics: While Pluto is not a planet, it is important to note that Pluto is very close to the sun and its surface temperature is very low. It also has a small moon known as Charon.

In summary, Pluto is not a planet, but it is a dwarf planet that fits the definition of a planet according to the current system of classification."
42,Is the Earth round?,simple,S7,adaptive,7111.98,False,small,4.88e-05,"No, the Earth is not round. The Earth is indeed an oblate spheroid, meaning that it is slightly flattened at the poles and bulged at the equator. The shape of the Earth can be visualized as a perfect sphere, but it is actually an oblate spheroid due to its rotation. This shape has been the subject of scientific study for centuries and has been confirmed through various astronomical observations and measurements."
43,What is the largest ocean on Earth?,paraphrase,P5,adaptive,2249.07,False,small,1.92e-05,The largest ocean on Earth is the Pacific Ocean.
44,Why do leaves change color in autumn?,complex,C7,adaptive,39518.47,False,large,0.002,"Leaves change color in autumn as a result of the natural process called photosynthesis. Photosynthesis is the process by which plants convert sunlight, water, and carbon dioxide into glucose (sugar), oxygen, and water. In autumn, the days get shorter and the nights longer, which signals to the trees that it’s time to prepare for winter. 

One of the ways that trees prepare for winter is by breaking down the chlorophyll in their leaves. Chlorophyll is the green pigment that captures sunlight during photosynthesis. Without chlorophyll, the leaves can’t make food, so they break it down and store it in the tree for the winter. As the chlorophyll breaks down, the leaves lose their green color and take on other colors such as red, orange, and yellow. These colors are actually pigments that are present in the leaves all year round but are masked by the chlorophyll. So, in autumn, when the chlorophyll breaks down, the true colors of the leaves are revealed."
45,What is the largest mammal on Earth?,unique,U7,adaptive,6546.31,False,small,5.2e-05,"The largest mammal on Earth is the blue whale, which can grow up to 100 feet (30 meters) in length and weigh up to 200 tons (180,000 kg). These incredible creatures live in the icy waters of the Antarctic and are known for their enormous size and strength. Their distinctive features, such as their massive heads and flippers, make them an iconic and awe-inspiring sight."
46,Which ocean is the biggest one on the planet?,paraphrase,P5,adaptive,43.76,True,small,5e-08,The largest ocean on Earth is the Pacific Ocean.
47,What is the capital of Canada?,simple,S8,adaptive,2158.18,False,small,1.76e-05,The capital of Canada is Ottawa.
48,What is the square root of 144?,paraphrase,P6,adaptive,2978.12,False,small,5.9999999999999995e-05,"The square root of 144 is 12. This can be determined by recognizing that 12 squared is 144. Here is the step-by-step explanation:

1. Identify the number we are taking the square root of, which is 144.
2. Determine the value whose square is 144. This value is 12 because \( 12 \times 12 = 144 \).

Thus, the square root of 144 is 12."
49,Compare the economic systems of capitalism and socialism.,complex,C8,adaptive,34502.94,False,large,0.003656,"Capitalism and socialism are two economic systems that have different approaches to wealth creation, resource allocation, and the distribution of goods and services.

Capitalism is an economic system that is characterized by private ownership of the means of production, where individuals and businesses can freely produce and exchange goods and services in the marketplace. The prices of goods and services are determined by supply and demand, and profits are earned by those who own and operate businesses. The goal of capitalism is to maximize efficiency and productivity, leading to economic growth and increasing wealth for individuals and society.

Socialism, on the other hand, is an economic system that is characterized by collective or government ownership of the means of production. In a socialist system, the resources and factories are owned and controlled by the state, rather than by private individuals or businesses. The idea behind socialism is to ensure that everyone has equal access to goods and services, and that the wealth generated by the economy is distributed fairly among all members of society. The goal of socialism is to reduce inequalities and promote social welfare.

One of the main differences between capitalism and socialism is the approach to the distribution of wealth. In capitalism, wealth is distributed based on market forces, with those who own and operate businesses earning profits, and those who are unemployed or have lower-paying jobs receiving less. In socialism, wealth is distributed based on the needs of each individual, with everyone receiving an equal share of the resources produced by the economy.

Another key difference between the two systems is the level of government intervention. Capitalism generally has a limited role for government, with businesses and individuals free to make their own decisions about production and consumption. In socialism, the government plays a much larger role in controlling the economy, making decisions about what goods and services will be produced, how they will be produced, and how they will be distributed.

Overall, capitalism and socialism represent two different approaches to economic systems, with capitalism emphasizing individual freedom and market forces, and socialism emphasizing collective ownership and government intervention to promote social welfare."
50,How many players are on a soccer team?,unique,U8,adaptive,12964.64,False,medium,0.000138,A standard soccer team consists of 11 players on the field at one time. This includes two goalkeepers and 10 outfield players. The 11-player formation is the most common across various levels of play.
51,Can you calculate the square root of 144?,paraphrase,P6,adaptive,86.93,True,small,5e-08,"The square root of 144 is 12. This can be determined by recognizing that 12 squared is 144. Here is the step-by-step explanation:

1. Identify the number we are taking the square root of, which is 144.
2. Determine the value whose square is 144. This value is 12 because \( 12 \times 12 = 144 \).

Thus, the square root of 144 is 12."
52,Calculate 100 divided by 4.,simple,S9,adaptive,5040.54,False,small,3.7999999999999995e-05,"Sure, to calculate 100 divided by 4, you can simply perform the following calculation:

$$
100 \div 4 = 25
$$

This can be verified by multiplying 25 by 4 to get the same result."
53,Who painted the Mona Lisa?,paraphrase,P7,adaptive,4682.28,False,medium,0.000286,"The Mona Lisa was painted by the Italian artist Leonardo da Vinci. Leonardo, a polymath with expertise in various fields such as science, mathematics, engineering, and anatomy, completed the Mona Lisa between 1503 and 1506, though it continued to be modified until his death in 1519. The painting is renowned for its meticulous detail, innovative use of sfumato, and the enigmatic expression of the subject, Lisa Gherardini, whose identity remains a subject of study and debate among art historians."
54,Walk me through the steps of how a bill becomes a law in the United States.,complex,C9,adaptive,42555.03,False,large,0.0038559999999999996,"1. **Drafting:** The first step in the process is for a bill to be drafted. This can be done by anyone, but usually, Senators or Representatives write bills. The idea for a bill can come from a member of Congress, the president, a state legislature, or even an average citizen.

2. **Introducing the bill:** Once a bill has been drafted, it must be introduced in either the House of Representatives or the Senate. The bill is assigned a number and referred to a committee.

3. **Committee action:** The committee that receives the bill then reviews the bill, holds hearings, and can make changes to the bill. Once the committee has finished its work, it will vote on whether to send the bill to the full House or Senate for consideration.

4. **Floor action:** If a bill makes it out of committee, it is considered by the full House or Senate. During this stage, members of Congress debate the bill, propose amendments, and vote on the bill's final passage.

5. **Conference committee:** If the House and Senate both pass the same version of the bill, it goes to the president for approval. However, if the House and Senate pass different versions of the bill, it goes to a conference committee made up of members of both chambers. The committee works to reconcile the differences between the two versions of the bill.

6. **Presidential action:** Once the conference committee has agreed on a final version of the bill, it goes to the president. The president can then either sign the bill into law or veto it. If the bill is vetoed, Congress can override the veto by a two-thirds vote in both the House and Senate.

7. **Becoming a law:** If the president signs the bill or Congress overrides a presidential veto, the bill becomes a law. The new law is assigned a number and added to the United States Code, which is the official compilation of federal statutes.

The entire process of how a bill becomes a law can take anywhere from a few months to a couple of years."
55,What is the main ingredient in guacamole?,unique,U9,adaptive,5462.46,False,small,4.2e-05,"The main ingredient in guacamole is avocados. Guacamole is a sour, creamy dip made from mashed ripe avocados. The primary purpose of guacamole is to add a sour flavor to dishes, while the avocados are a key ingredient used to create the texture and consistency of the dip."
56,Which artist created the Mona Lisa painting?,paraphrase,P7,adaptive,49.71,True,medium,5e-08,"The Mona Lisa was painted by the Italian artist Leonardo da Vinci. Leonardo, a polymath with expertise in various fields such as science, mathematics, engineering, and anatomy, completed the Mona Lisa between 1503 and 1506, though it continued to be modified until his death in 1519. The painting is renowned for its meticulous detail, innovative use of sfumato, and the enigmatic expression of the subject, Lisa Gherardini, whose identity remains a subject of study and debate among art historians."
57,Define an atom.,simple,S10,adaptive,2836.12,False,small,6.48e-05,"An atom is a fundamental particle that constitutes all matter. Atoms are composed of atoms of the same element, with each atom having a fixed number of protons and a fixed number of electrons that orbit around the nucleus. The electrons in an atom are negatively charged, and they are arranged in shells around the nucleus, with the outermost shell having the most electrons. Each atom has a unique identifier, known as an atomic number, which is the number of protons in the nucleus. Atoms of the same element have identical atomic numbers, but they can have different numbers of protons in their nucleus due to differences in their atomic mass."
58,Analyze the pros and cons of remote work for employees and employers.,complex,C10,adaptive,34919.5,False,large,0.004736,"Pros for Employees:
1. Flexibility: Remote work allows employees to have a flexible schedule, enabling them to manage their work and personal life more effectively.
2. Reduced commute time: Working remotely eliminates the need for a daily commute, saving employees time and money, and reducing their carbon footprint.
3. Increased productivity: Many employees find that they are more productive when working remotely, as they have fewer distractions and can create a work environment tailored to their needs.
4. Improved work-life balance: Remote work can help employees achieve a better work-life balance, allowing them to spend more time with family and friends, and engage in hobbies and interests outside of work.

Cons for Employees:
1. Isolation: Working remotely can be isolating, as employees may miss the social interaction and support provided by their colleagues in an office setting.
2. Difficulty in communication: Communication can be challenging when working remotely, as there may be language or cultural barriers, or issues with technology.
3. Potential for mismanagement: Without direct supervision, there is a risk that employees may mismanage their time or fail to meet expectations.
4. Distractions: While remote work can reduce distractions, it can also be challenging to create a dedicated workspace that is free from interruptions.

Pros for Employers:
1. Reduced costs: Employers can save money on office space, utilities, and supplies by allowing their employees to work remotely.
2. Increased productivity: Remote work can lead to increased productivity, as employees are more focused and have fewer distractions.
3. Access to global talent: Employers can access a global pool of talent, hiring the best candidates regardless of their location.
4. Improved employee retention: Remote work can improve employee satisfaction and retention, as it provides them with more flexibility and a better work-life balance.

Cons for Employers:
1. Difficulty in management: Managing remote employees can be challenging, as employers may struggle to monitor their work and ensure that they are meeting expectations.
2. Communication barriers: Communication can be difficult when working remotely, leading to misunderstandings and delays.
3. Potential for data security breaches: When employees are working remotely, there is a greater risk of data security breaches, as they may use unsecured networks or devices.
4. Reduced team cohesion: Remote work can lead to reduced team cohesion, as employees may feel disconnected from their colleagues and the company culture."
59,Describe how vaccines help the immune system.,unique,U10,adaptive,17124.48,False,medium,0.0005899999999999999,"Vaccines are substances that help the immune system recognize and fight against harmful pathogens like bacteria or viruses. They work by introducing a small, harmlinactive form of a pathogen or a part of a pathogen into the body, which the immune system can recognize and respond to without causing the disease. 

When a vaccine is administered, it stimulates the immune system to produce an immune response. This response involves the production of antibodies, which are proteins that specifically target the pathogen introduced by the vaccine. 

These antibodies then remain in the body, ready to defend against future infections by the same pathogen. This is called immune memory, and it is a crucial aspect of vaccination. If a person is later exposed to the actual pathogen, the immune system can quickly respond, using the antibodies that were created in response to the vaccine. This rapid response helps to prevent or lessen the severity of the disease.

In summary, vaccines help the immune system by priming it to recognize and fight against specific pathogens, creating immune memory that provides long-lasting protection against future infections."
60,What is the capital of France?,duplicate,D1,adaptive,57.88,True,small,5e-08,The capital of France is Paris.
