query_id,query,tier_used,baseline_answer,adaptive_answer,verdict
50,How many players are on a soccer team?,medium,"A soccer team typically consists of 11 players on the field at one time. This includes one goalkeeper and ten outfield players who are divided into defenders, midfielders, and forwards, though the exact number of midfielders can vary. However, the standard formation for a soccer team does not change the total number of players on the field, which remains 11.",A standard soccer team consists of 11 players on the field at one time. This includes two goalkeepers and 10 outfield players. The 11-player formation is the most common across various levels of play.,FAIL
9,What is the tallest mountain in the world?,medium,"The tallest mountain in the world is Mount Everest. It is part of the Himalayas and reaches an elevation of 8,848.86 meters (29,031.7 feet) above sea level, according to the survey by China and Nepal in 2020. Mount Everest has long been regarded as the highest mountain on Earth, drawing climbers from all over the world eager to summit its peak. The mountain is situated on the border between Nepal and the Tibet Autonomous Region of China and is known as Mount Everest in Nepali (Sagarmatha) and Mount Qomolangma in Tibetan. Climbing the mountain presents a significant challenge due to the harsh conditions, including extreme low temperatures, strong winds, and the risk of avalanches and altitude sickness. The first successful ascent was made by Sir Edmund Hillary from New Zealand and Tenzing Norgay Sherpa from Nepal on June 29, 1953.","The tallest mountain in the world is Mount Everest. It is part of the Himalayan mountain range in Asia, sitting on the border between Nepal and the Tibet Autonomous Region of China. Its peak rises to an official height of 8,848.86 meters (29,031.7 feet) above sea level, according to the revision made by China and Nepal in 2020. This measurement is recognized by the National Geospatial-Intelligence Agency of the United States. Mount Everest is known as Sagarmatha in Nepali and Chom Ougri Tsenjo in Tibetan.",PASS
6,What is the capital of Japan?,small,"The capital of Japan is Tokyo. Tokyo is not only the political capital but also the cultural, economic, and symbolic center of the country. It is one of the most populous metropolises in the world, known for its modernity as well as its historic sites like the Imperial Palace. Tokyo is a city that seamlessly blends traditional Japanese culture with cutting-digital technology, making it a unique and fascinating destination.",The capital of Japan is Tokyo.,PASS
53,Who painted the Mona Lisa?,medium,"The Mona Lisa was painted by the Italian artist Leonardo da Vinci in the early 16th century. Specifically, it is believed that he started working on the painting around 2014 (1503) and completed it in 1506. The Mona Lisa, also known as La Gioconda in Italian, is one of the most famous and valuable paintings in the world, housed in the Louvre Museum in Paris.","The Mona Lisa was painted by the Italian artist Leonardo da Vinci. Leonardo, a polymath with expertise in various fields such as science, mathematics, engineering, and anatomy, completed the Mona Lisa between 1503 and 1506, though it continued to be modified until his death in 1519. The painting is renowned for its meticulous detail, innovative use of sfumato, and the enigmatic expression of the subject, Lisa Gherardini, whose identity remains a subject of study and debate among art historians.",PASS
42,Is the Earth round?,small,"Yes, the Earth is round, more precisely an oblate spheroid due to its rotation, which causes it to bulge at the equator and flatten at the poles. This shape has been observed and measured through centuries of exploration, astronomy, and satellite imagery.","No, the Earth is not round. The Earth is indeed an oblate spheroid, meaning that it is slightly flattened at the poles and bulged at the equator. The shape of the Earth can be visualized as a perfect sphere, but it is actually an oblate spheroid due to its rotation. This shape has been the subject of scientific study for centuries and has been confirmed through various astronomical observations and measurements.",FAIL
45,What is the largest mammal on Earth?,small,"The largest mammal on Earth is the blue whale (*Balaenoptera musculus*). Blue whales can reach lengths of up to 100 feet (30 meters) and can weigh as much as 200 tons (about 181 metric tons). Despite their enormous size, blue whales are filter feeders and primarily consume krill. They have unique baleen plates instead of teeth, which they use to strain their food from the water. The heart of a blue whale is also the largest of any animal, with a heart the size of a Volkswagen Beetle, capable of pumping the equivalent of a gallon of blood through its system to supply oxygen to its massive body. Blue whales can live up to 90 years or more, and their population is still recovering from the brink of extinction due to whaling.","The largest mammal on Earth is the blue whale, which can grow up to 100 feet (30 meters) in length and weigh up to 200 tons (180,000 kg). These incredible creatures live in the icy waters of the Antarctic and are known for their enormous size and strength. Their distinctive features, such as their massive heads and flippers, make them an iconic and awe-inspiring sight.",PASS
18,What is the speed of light?,small,"The speed of light in a vacuum is approximately 299,792,458 meters per second, often rounded to 300,00 endpoint when not dealing with extreme precision. This speed is considered a fundamental constant of nature and plays a critical role in the theory of relativity, formulated by Albert Einstein.","The speed of light is approximately 3.00 × 10^8 meters per second. This is a fundamental constant in physics and has been determined through experiments and theoretical calculations. It represents the maximum speed at which light can travel through any medium and is a crucial physical constant in quantum mechanics, electromagnetism, and many other areas of physics.",PASS
35,How fast does light travel?,medium,"Light travels at a speed of approximately 299,792 kilometers per second in a vacuum, which is commonly referred to as the speed of light, denoted by the symbol ""c"". This is the maximum speed at which all matter and information in the universe can travel.","The speed of light in a vacuum is approximately 299,792 kilometers per second or about 186,282 miles per second. This incredible speed is a fundamental constant of nature and plays a crucial role in the theory of relativity proposed by Albert Einstein. It is often rounded to 300,00 endpoint km/sec for ease of communication, but for precision, the exact figure is used.",PASS
43,What is the largest ocean on Earth?,small,"The Pacific Ocean is the largest ocean on Earth. It covers an area of about 63 million square miles (165 million square kilometers), which is larger than all of Earth'th's landmass combined. The Pacific Ocean's expanse stretches from the Arctic Ocean in the north to the Southern Ocean near Antarctica in the south, and from Asia and Australia on the west to the Americas on the east. It is also known for the ""Ring of Fire,"" the area with frequent earthquakes and volcanic activity, and for the Mariana Trench, which is the deepest known part of the world's oceans.",The largest ocean on Earth is the Pacific Ocean.,PASS
57,Define an atom.,small,"An atom is the smallest unit of a chemical element that retains the chemical properties of that element. Atoms consist of a central nucleus, made up of protons and neutrons, and electrons that orbit the nucleus in energy levels. The number of protons in the nucleus determines the element' end atomic number, while the number of protons and neutrons together determines the atomic mass. Atoms can combine with each other to form molecules, which are the building blocks of matter. 


Here is a more comprehensive definition:

An atom is the smallest constituent unit of matter that retains the chemical properties of an element. It consists of a nucleus containing protons and neutrons, with electrons orbiting the nucleus in energy levels. The number of protons, known as the atomic number, determines the element's identity, while the atomic mass is determined by the combined number of protons and neutrons in the nucleus. Atoms can bond with other atoms to form molecules or participate in chemical reactions, where they can share, transfer, or gain electrons to form new substances with different properties. Atoms are also the primary building blocks of all matter in the universe, and understanding their properties and interactions is fundamental to many scientific disciplines.","An atom is a fundamental particle that constitutes all matter. Atoms are composed of atoms of the same element, with each atom having a fixed number of protons and a fixed number of electrons that orbit around the nucleus. The electrons in an atom are negatively charged, and they are arranged in shells around the nucleus, with the outermost shell having the most electrons. Each atom has a unique identifier, known as an atomic number, which is the number of protons in the nucleus. Atoms of the same element have identical atomic numbers, but they can have different numbers of protons in their nucleus due to differences in their atomic mass.",FAIL
